symbol,name,market
1101,臺灣水泥股份有限公司,TW
1102,亞洲水泥股份有限公司,TW
1103,嘉新水泥股份有限公司,TW
1104,環球水泥股份有限公司,TW
1108,幸福水泥股份有限公司,TW
1109,信大水泥股份有限公司,TW
1110,東南水泥股份有限公司,TW
1201,味全食品工業股份有限公司,TW
1203,味王股份有限公司,TW
1210,大成長城企業股份有限公司,TW
1213,大西洋飲料股份有限公司,TW
1215,台灣卜蜂企業股份有限公司,TW
1216,統一企業股份有限公司,TW
1217,愛之味股份有限公司,TW
1218,泰山企業股份有限公司,TW
1219,福壽實業股份有限公司,TW
1220,台榮產業股份有限公司,TW
1225,福懋油脂股份有限公司,TW
1227,佳格食品股份有限公司,TW
1229,聯華實業控股股份有限公司,TW
1231,聯華食品工業股份有限公司,TW
1232,大統益股份有限公司,TW
1233,天仁茶業股份有限公司,TW
1234,黑松股份有限公司,TW
1235,興泰實業股份有限公司,TW
1236,宏亞食品股份有限公司,TW
1256,鮮活控股股份有限公司,TW
1301,台灣塑膠工業股份有限公司,TW
1303,南亞塑膠工業股份有限公司,TW
1304,台灣聚合化學品股份有限公司,TW
1305,華夏海灣塑膠股份有限公司,TW
1307,三芳化學工業股份有限公司,TW
1308,亞洲聚合股份有限公司,TW
1309,台達化學工業股份有限公司,TW
1310,台灣苯乙烯工業股份有限公司,TW
1312,國喬石油化學股份有限公司,TW
1313,聯成化學科技股份有限公司,TW
1314,中國石油化學工業開發(股)公司,TW
1315,達新工業股份有限公司,TW
1316,上曜建設開發股份有限公司,TW
1319,東陽實業廠股份有限公司,TW
1321,大洋塑膠工業股份有限公司,TW
1323,永裕塑膠工業股份有限公司,TW
1324,地球綜合工業股份有限公司,TW
1325,恒大股份有限公司,TW
1326,台灣化學纖維股份有限公司,TW
1337,亞洲塑膠再生資源控股有限公司,TW
1338,廣華控股有限公司,TW
1339,昭輝實業股份有限公司,TW
1340,勝悅新材料有限公司,TW
1341,富林塑膠工業(開曼)控股(股)公司,TW
1342,八貫企業股份有限公司,TW
1402,遠東新世紀股份有限公司,TW
1409,新光合成纖維股份有限公司,TW
1410,南洋染整股份有限公司,TW
1413,宏洲纖維工業股份有限公司,TW
1414,東和紡織股份有限公司,TW
1416,廣豐實業股份有限公司,TW
1417,嘉裕股份有限公司,TW
1418,東華龍股份有限公司,TW
1419,新光紡織股份有限公司,TW
1423,利華羊毛工業股份有限公司,TW
1432,大魯閣實業股份有限公司,TW
1434,福懋興業股份有限公司,TW
1435,中福國際(股)公司,TW
1436,華友聯開發股份有限公司,TW
1437,勤益投資控股股份有限公司,TW
1438,三地開發地產股份有限公司,TW
1439,雋揚國際股份有限公司,TW
1440,臺南紡織股份有限公司,TW
1441,大東紡織股份有限公司,TW
1442,名軒開發股份有限公司,TW
1443,立益物流開發股份有限公司,TW
1444,力麗企業股份有限公司,TW
1445,大宇紡織股份有限公司,TW
1446,宏和精密紡織股份有限公司,TW
1447,力鵬企業股份有限公司,TW
1449,佳和實業股份有限公司,TW
1451,年興紡織股份有限公司,TW
1452,宏益纖維工業股份有限公司,TW
1453,大將開發股份有限公司,TW
1454,台灣富綢纖維股份有限公司,TW
1455,集盛實業股份有限公司,TW
1456,怡華實業股份有限公司,TW
1457,宜進實業股份有限公司,TW
1459,聯發紡織纖維股份有限公司,TW
1460,宏遠興業股份有限公司,TW
1463,強盛新投資控股股份有限公司,TW
1464,得力實業股份有限公司,TW
1465,偉全實業股份有限公司,TW
1466,聚隆纖維股份有限公司,TW
1467,南緯實業股份有限公司,TW
1468,昶和纖維興業股份有限公司,TW
1470,大統新創股份有限公司,TW
1471,首利實業股份有限公司,TW
1472,三洋實業股份有限公司,TW
1473,台南企業股份有限公司,TW
1474,弘裕企業股份有限公司,TW
1475,台灣業旺股份有限公司,TW
1476,儒鴻企業股份有限公司,TW
1477,聚陽實業股份有限公司,TW
1503,士林電機廠股份有限公司,TW
1504,東元電機股份有限公司,TW
1506,正道工業股份有限公司,TW
1512,瑞利企業股份有限公司,TW
1513,中興電工機械股份有限公司,TW
1514,亞力電機股份有限公司,TW
1515,力山工業股份有限公司,TW
1516,川飛能源股份有限公司,TW
1517,利奇機械工業股份有限公司,TW
1519,華城電機股份有限公司,TW
1521,大億交通工業製造股份有限公司,TW
1522,堤維西交通工業股份有限公司,TW
1524,耿鼎企業股份有限公司,TW
1525,江申工業股份有限公司,TW
1526,日馳企業股份有限公司,TW
1527,鑽全實業股份有限公司,TW
1528,恩德科技股份有限公司,TW
1529,樂事綠能科技股份有限公司,TW
1530,亞崴機電股份有限公司,TW
1531,高林股份有限公司,TW
1532,勤美股份有限公司,TW
1533,車王電子股份有限公司,TW
1535,中宇環保工程股份有限公司,TW
1536,和大工業股份有限公司,TW
1537,廣隆光電科技股份有限公司,TW
1538,正峰工業股份有限公司,TW
1539,巨庭機械股份有限公司,TW
1540,喬福機械工業股份有限公司,TW
1541,錩泰工業股份有限公司,TW
1558,伸興工業股份有限公司,TW
1560,中國砂輪企業股份有限公司,TW
1563,巧新科技工業股份有限公司,TW
1568,倉佑實業股份有限公司,TW
1582,信錦企業股份有限公司,TW
1583,程泰機械股份有限公司,TW
1587,吉茂精密股份有限公司,TW
1589,永冠能源科技集團有限公司,TW
1590,亞德客國際集團,TW
1597,直得科技股份有限公司,TW
1598,岱宇國際股份有限公司,TW
1603,中華電線電纜股份有限公司,TW
1604,聲寶股份有限公司,TW
1605,華新麗華股份有限公司,TW
1608,華榮電線電纜股份有限公司,TW
1609,大亞電線電纜股份有限公司,TW
1611,中國電器股份有限公司,TW
1612,宏泰電工股份有限公司,TW
1614,台灣三洋電機股份有限公司,TW
1615,大山電線電纜股份有限公司,TW
1616,億泰電線電纜股份有限公司,TW
1617,榮星電線工業股份有限公司,TW
1618,合機電線電纜股份有限公司,TW
1623,大東電業廠股份有限公司,TW
1626,艾美特(開曼)國際有限公司,TW
1702,南僑投資控股股份有限公司,TW
1707,葡萄王生技股份有限公司,TW
1708,東南實業股份有限公司,TW
1709,和益化學工業股份有限公司,TW
1710,東聯化學股份有限公司,TW
1711,臺灣永光化學工業股份有限公司,TW
1712,興農股份有限公司,TW
1713,國泰化工廠股份有限公司,TW
1714,和桐化學股份有限公司,TW
1717,長興材料工業股份有限公司,TW
1718,中國人造纖維股份有限公司,TW
1720,生達化學製藥股份有限公司,TW
1721,三晃股份有限公司,TW
1722,台灣肥料股份有限公司,TW
1723,中鋼碳素化學股份有限公司,TW
1725,元禎企業股份有限公司,TW
1726,永記造漆工業股份有限公司,TW
1727,臺灣中華化學工業股份有限公司,TW
1730,花仙子企業股份有限公司,TW
1731,美吾華股份有限公司,TW
1732,毛寶股份有限公司,TW
1733,五鼎生物技術股份有限公司,TW
1734,杏輝藥品工業股份有限公司,TW
1735,日勝化工股份有限公司,TW
1736,喬山健康科技股份有限公司,TW
1737,臺鹽實業股份有限公司,TW
1752,南光化學製藥股份有限公司,TW
1760,寶齡富錦生技股份有限公司,TW
1762,中化合成生技股份有限公司,TW
1773,勝一化工股份有限公司,TW
1776,展宇科技材料股份有限公司,TW
1783,和康生物科技股份有限公司,TW
1786,科妍生物科技股份有限公司,TW
1789,台灣神隆股份有限公司,TW
1795,美時化學製藥股份有限公司,TW
1802,台灣玻璃工業股份有限公司,TW
1805,寶徠建設股份有限公司,TW
1806,冠軍建材股份有限公司,TW
1808,潤隆建設股份有限公司,TW
1809,中國製釉股份有限公司,TW
1810,和成欣業股份有限公司,TW
1817,凱撒衛浴股份有限公司,TW
1903,士林紙業股份有限公司,TW
1904,正隆股份有限公司,TW
1905,中華紙漿股份有限公司,TW
1906,寶隆國際股份有限公司,TW
1907,永豐餘投資控股股份有限公司,TW
1909,榮成紙業股份有限公司,TW
2002,中國鋼鐵股份有限公司,TW
2006,東和鋼鐵企業股份有限公司,TW
2007,燁興企業股份有限公司,TW
2008,高興昌鋼鐵股份有限公司,TW
2009,第一伸銅科技股份有限公司,TW
2010,春源鋼鐵工業股份有限公司,TW
2012,春雨工廠股份有限公司,TW
2013,中國鋼鐵結構股份有限公司,TW
2014,中鴻鋼鐵股份有限公司,TW
2015,豐興鋼鐵股份有限公司,TW
2017,官田鋼鐵股份有限公司,TW
2020,美亞鋼管廠股份有限公司,TW
2022,聚亨企業股份有限公司,TW
2023,燁輝企業股份有限公司,TW
2024,志聯工業股份有限公司,TW
2025,千興不銹鋼(股)公司,TW
2027,大成不銹鋼工業股份有限公司,TW
2028,威致鋼鐵工業股份有限公司,TW
2029,盛餘股份有限公司,TW
2030,彰源企業股份有限公司,TW
2031,新光鋼鐵股份有限公司,TW
2032,新鋼工業股份有限公司,TW
2033,佳大世界股份有限公司,TW
2034,允強實業股份有限公司,TW
2038,海光企業股份有限公司,TW
2049,上銀科技股份有限公司,TW
2059,川湖科技股份有限公司,TW
2062,橋椿金屬股份有限公司,TW
2069,運錩鋼鐵股份有限公司,TW
2101,南港輪胎股份有限公司,TW
2102,泰豐輪胎股份有限公司,TW
2103,台橡股份有限公司,TW
2104,國際中橡投資控股股份有限公司,TW
2105,正新橡膠工業股份有限公司,TW
2106,建大工業股份有限公司,TW
2107,厚生股份有限公司,TW
2108,南帝化學工業股份有限公司,TW
2109,華豐橡膠工業股份有限公司,TW
2114,鑫永銓股份有限公司,TW
2115,六暉控股股份有限公司,TW
2201,裕隆汽車製造股份有限公司,TW
2204,中華汽車工業股份有限公司,TW
2206,三陽工業股份有限公司,TW
2207,和泰汽車股份有限公司,TW
2208,台灣國際造船股份有限公司,TW
2211,長榮鋼鐵股份有限公司,TW
2227,裕隆日產汽車股份有限公司,TW
2228,劍麟股份有限公司,TW
2231,為升電裝工業股份有限公司,TW
2233,宇隆科技股份有限公司,TW
2236,百達精密工業股份有限公司,TW
2239,開曼英利工業股份有限公司,TW
2241,艾姆勒科技股份有限公司,TW
2243,宏旭控股股份有限公司,TW
2247,汎德永業汽車股份有限公司,TW
2248,華勝汽車電子股份有限公司,TW
2250,第一化成控股(開曼)股份有限公司,TW
2254,巨鎧精密工業股份有限公司,TW
2258,鴻華先進科技股份有限公司,TW
2301,光寶科技股份有限公司,TW
2302,麗正國際科技股份有限公司,TW
2303,聯華電子股份有限公司,TW
2305,全友電腦股份有限公司,TW
2308,台達電子工業股份有限公司,TW
2312,金寶電子工業股份有限公司,TW
2313,華通電腦股份有限公司,TW
2314,台揚科技股份有限公司,TW
2316,楠梓電子股份有限公司,TW
2317,鴻海精密工業股份有限公司,TW
2321,東訊股份有限公司,TW
2323,中環股份有限公司,TW
2324,仁寶電腦工業股份有限公司,TW
2327,國巨股份有限公司,TW
2328,廣宇科技股份有限公司,TW
2329,華泰電子股份有限公司,TW
2330,台灣積體電路製造股份有限公司,TW
2331,精英電腦股份有限公司,TW
2332,友訊科技股份有限公司,TW
2337,旺宏電子股份有限公司,TW
2338,台灣光罩股份有限公司,TW
2340,台亞半導體股份有限公司,TW
2342,台灣茂矽電子股份有限公司,TW
2344,華邦電子股份有限公司,TW
2345,智邦科技股份有限公司,TW
2347,聯強國際股份有限公司,TW
2348,海悅國際開發股份有限公司,TW
2349,錸德科技股份有限公司,TW
2351,順德工業股份有限公司,TW
2352,佳世達科技股份有限公司,TW
2353,宏碁股份有限公司,TW
2354,鴻準精密工業股份有限公司,TW
2355,敬鵬工業股份有限公司,TW
2356,英業達股份有限公司,TW
2357,華碩電腦股份有限公司,TW
2359,所羅門股份有限公司,TW
2360,致茂電子股份有限公司,TW
2362,藍天電腦股份有限公司,TW
2363,矽統科技股份有限公司,TW
2364,倫飛電腦實業股份有限公司,TW
2365,昆盈企業股份有限公司,TW
2367,燿華電子股份有限公司,TW
2368,金像電子(股)公司,TW
2369,菱生精密工業股份有限公司,TW
2371,大同股份有限公司,TW
2373,震旦行股份有限公司,TW
2374,佳能企業股份有限公司,TW
2375,凱美電機股份有限公司,TW
2376,技嘉科技股份有限公司,TW
2377,微星科技股份有限公司,TW
2379,瑞昱半導體股份有限公司,TW
2380,虹光精密工業股份有限公司,TW
2382,廣達電腦股份有限公司,TW
2383,台光電子材料股份有限公司,TW
2385,群光電子股份有限公司,TW
2387,精元電腦股份有限公司,TW
2388,威盛電子股份有限公司,TW
2390,云辰電子開發股份有限公司,TW
2392,正崴精密工業股份有限公司,TW
2393,億光電子工業股份有限公司,TW
2395,研華股份有限公司,TW
2397,友通資訊股份有限公司,TW
2399,映泰股份有限公司,TW
2401,凌陽科技股份有限公司,TW
2402,毅嘉科技股份有限公司,TW
2404,漢唐集成股份有限公司,TW
2405,輔信科技股份有限公司,TW
2406,國碩科技工業股份有限公司,TW
2408,南亞科技股份有限公司,TW
2409,友達光電股份有限公司,TW
2412,中華電信股份有限公司,TW
2413,環隆科技股份有限公司,TW
2414,精技電腦股份有限公司,TW
2415,錩新科技股份有限公司,TW
2417,圓剛科技股份有限公司,TW
2419,仲琦科技股份有限公司,TW
2420,新巨企業股份有限公司,TW
2421,建準電機工業股份有限公司,TW
2423,固緯電子實業股份有限公司,TW
2424,隴華電子股份有限公司,TW
2425,承啟科技股份有限公司,TW
2426,鼎元光電科技股份有限公司,TW
2427,三商電腦股份有限公司,TW
2428,興勤電子工業股份有限公司,TW
2429,銘旺科技股份有限公司,TW
2430,燦坤實業股份有限公司,TW
2431,聯昌電子企業股份有限公司,TW
2432,倚天酷碁股份有限公司,TW
2433,互盛股份有限公司,TW
2434,統懋半導體股份有限公司,TW
2436,偉詮電子股份有限公司,TW
2438,翔耀實業股份有限公司,TW
2439,美律實業股份有限公司,TW
2440,太空梭高傳真資訊科技(股)公司,TW
2441,超豐電子股份有限公司,TW
2442,新美齊股份有限公司,TW
2444,兆勁科技股份有限公司,TW
2449,京元電子股份有限公司,TW
2450,神腦國際企業股份有限公司,TW
2451,創見資訊股份有限公司,TW
2453,凌群電腦股份有限公司,TW
2454,聯發科技股份有限公司,TW
2455,全新光電科技股份有限公司,TW
2457,飛宏科技股份有限公司,TW
2458,義隆電子股份有限公司,TW
2459,敦吉科技股份有限公司,TW
2460,建通精密工業股份有限公司,TW
2461,光群雷射科技股份有限公司,TW
2462,台灣良得電子股份有限公司,TW
2464,盟立自動化股份有限公司,TW
2465,麗臺科技股份有限公司,TW
2466,冠西電子企業股份有限公司,TW
2467,志聖工業股份有限公司,TW
2468,華經資訊企業股份有限公司,TW
2471,資通電腦股份有限公司,TW
2472,立隆電子工業股份有限公司,TW
2474,可成科技股份有限公司,TW
2476,鉅祥企業股份有限公司,TW
2477,美隆工業股份有限公司,TW
2478,大毅科技股份有限公司,TW
2480,敦陽科技股份有限公司,TW
2481,強茂股份有限公司,TW
2482,連宇股份有限公司,TW
2483,百容電子股份有限公司,TW
2484,希華晶體科技股份有限公司,TW
2485,兆赫電子股份有限公司,TW
2486,一詮精密工業股份有限公司,TW
2488,漢平電子工業股份有限公司,TW
2489,瑞軒科技股份有限公司,TW
2491,吉祥全球實業股份有限公司,TW
2492,華新科技股份有限公司,TW
2493,揚博科技股份有限公司,TW
2495,普安科技股份有限公司,TW
2496,卓越成功股份有限公司,TW
2497,怡利電子工業股份有限公司,TW
2498,宏達國際電子股份有限公司,TW
2501,國泰建設股份有限公司,TW
2504,國產建材實業股份有限公司,TW
2505,國揚實業股份有限公司,TW
2506,太平洋建設股份有限公司,TW
2509,全坤建設開發股份有限公司,TW
2511,太子建設開發股份有限公司,TW
2514,龍邦國際興業股份有限公司,TW
2515,中華工程股份有限公司,TW
2516,新亞建設開發股份有限公司,TW
2520,冠德建設股份有限公司,TW
2524,京城建設股份有限公司,TW
2527,宏璟建設股份有限公司,TW
2528,皇普建設股份有限公司,TW
2530,大華建設股份有限公司,TW
2534,宏盛建設股份有限公司,TW
2535,達欣工程股份有限公司,TW
2536,宏普建設股份有限公司,TW
2537,聯上開發股份有限公司,TW
2538,基泰建設股份有限公司,TW
2539,櫻花建設股份有限公司,TW
2540,愛山林建設開發股份有限公司,TW
2542,興富發建設股份有限公司,TW
2543,皇昌營造股份有限公司,TW
2545,皇翔建設股份有限公司,TW
2546,根基營造股份有限公司,TW
2547,日勝生活科技股份有限公司,TW
2548,華固建設股份有限公司,TW
2597,潤弘精密工程事業股份有限公司,TW
2601,益航股份有限公司,TW
2603,長榮海運股份有限公司,TW
2605,新興航運股份有限公司,TW
2606,裕民航運股份有限公司,TW
2607,長榮國際儲運股份有限公司,TW
2608,嘉里大榮物流股份有限公司,TW
2609,陽明海運股份有限公司,TW
2610,中華航空股份有限公司,TW
2611,志信國際股份有限公司,TW
2612,中國航運股份有限公司,TW
2613,中國貨櫃運輸股份有限公司,TW
2614,東森國際股份有限公司,TW
2615,萬海航運股份有限公司,TW
2616,山隆通運股份有限公司,TW
2617,台灣航業股份有限公司,TW
2618,長榮航空股份有限公司,TW
2630,亞洲航空股份有限公司,TW
2633,台灣高速鐵路股份有限公司,TW
2634,漢翔航空工業股份有限公司,TW
2636,台驊國際控股股份有限公司,TW
2637,慧洋海運股份有限公司,TW
2642,台灣宅配通股份有限公司,TW
2645,長榮航太科技股份有限公司,TW
2646,星宇航空股份有限公司,TW
2701,萬華企業股份有限公司,TW
2702,華園飯店股份有限公司,TW
2704,國賓大飯店股份有限公司,TW
2705,六福開發股份有限公司,TW
2706,第一華僑大飯店股份有限公司,TW
2707,晶華國際酒店股份有限公司,TW
2712,遠雄悅來大飯店股份有限公司,TW
2722,夏都國際開發股份有限公司,TW
2723,開曼美食達人股份有限公司,TW
2727,王品餐飲股份有限公司,TW
2731,雄獅旅行社股份有限公司,TW
2739,寒舍餐旅管理顧問股份有限公司,TW
2748,雲品國際酒店股份有限公司,TW
2753,八方雲集國際股份有限公司,TW
2762,世界健身股份有限公司,TW
2801,彰化商業銀行股份有限公司,TW
2812,台中商業銀行股份有限公司,TW
2816,旺旺友聯產物保險股份有限公司,TW
2820,中華票券金融股份有限公司,TW
2832,台灣產物保險股份有限公司,TW
2834,臺灣中小企業銀行股份有限公司,TW
2836,高雄銀行股份有限公司,TW
2838,聯邦商業銀行股份有限公司,TW
2845,遠東國際商業銀行股份有限公司,TW
2849,安泰商業銀行股份有限公司,TW
2850,新光產物保險股份有限公司,TW
2851,中央再保險股份有限公司,TW
2852,第一產物保險股份有限公司,TW
2855,統一綜合證券股份有限公司,TW
2867,三商美邦人壽保險股份有限公司,TW
2880,華南金融控股股份有限公司,TW
2881,富邦金融控股股份有限公司,TW
2882,國泰金融控股股份有限公司,TW
2883,凱基金融控股股份有限公司,TW
2884,玉山金融控股股份有限公司,TW
2885,元大金融控股股份有限公司,TW
2886,兆豐金融控股股份有限公司,TW
2887,台新新光金融控股股份有限公司,TW
2889,國票金融控股股份有限公司,TW
2890,永豐金融控股股份有限公司,TW
2891,中國信託金融控股股份有限公司,TW
2892,第一金融控股股份有限公司,TW
2897,王道商業銀行股份有限公司,TW
2901,欣欣大眾市場股份有限公司,TW
2903,遠東百貨股份有限公司,TW
2904,匯僑股份有限公司,TW
2905,三商投資控股股份有限公司,TW
2906,高林實業股份有限公司,TW
2908,特力股份有限公司,TW
2910,統領百貨股份有限公司,TW
2911,麗嬰房股份有限公司,TW
2912,統一超商股份有限公司,TW
2913,台灣農林股份有限公司,TW
2915,潤泰全球股份有限公司,TW
2923,鼎固控股有限公司,TW
2929,淘帝國際控股有限公司,TW
2939,永邑國際集團股份有限公司,TW
2945,三商家購股份有限公司,TW
3002,歐格電子股份有限公司,TW
3003,健和興端子股份有限公司,TW
3004,豐達科技股份有限公司,TW
3005,神基控股股份有限公司,TW
3006,晶豪科技股份有限公司,TW
3008,大立光電股份有限公司,TW
3010,華立企業股份有限公司,TW
3011,今皓實業股份有限公司,TW
3013,晟銘電子科技股份有限公司,TW
3014,聯陽半導體股份有限公司,TW
3015,全漢企業股份有限公司,TW
3016,嘉晶電子股份有限公司,TW
3017,奇鋐科技股份有限公司,TW
3018,隆銘綠能科技工程股份有限公司,TW
3019,亞洲光學股份有限公司,TW
3021,鴻名企業股份有限公司,TW
3022,威強電工業電腦股份有限公司,TW
3023,信邦電子股份有限公司,TW
3024,憶聲電子股份有限公司,TW
3025,星通資訊股份有限公司,TW
3026,禾伸堂企業股份有限公司,TW
3027,盛達電業股份有限公司,TW
3028,增你強股份有限公司,TW
3029,零壹科技股份有限公司,TW
3030,德律科技股份有限公司,TW
3031,佰鴻工業股份有限公司,TW
3032,偉訓科技股份有限公司,TW
3033,威健實業股份有限公司,TW
3034,聯詠科技股份有限公司,TW
3035,智原科技股份有限公司,TW
3036,文曄科技股份有限公司,TW
3037,欣興電子股份有限公司,TW
3038,全台晶像股份有限公司,TW
3040,遠見科技股份有限公司,TW
3041,揚智科技股份有限公司,TW
3042,台灣晶技股份有限公司,TW
3043,科風股份有限公司,TW
3044,健鼎科技股份有限公司,TW
3045,台灣大哥大股份有限公司,TW
3046,建碁股份有限公司,TW
3047,訊舟科技股份有限公司,TW
3048,益登科技股份有限公司,TW
3049,精金科技股份有限公司,TW
3050,鈺德科技股份有限公司,TW
3051,力特光電科技股份有限公司,TW
3052,夆典科技開發股份有限公司,TW
3054,立萬利創新股份有限公司,TW
3055,蔚華科技股份有限公司,TW
3056,富華創新股份有限公司,TW
3057,喬鼎資訊股份有限公司,TW
3058,立德電子股份有限公司,TW
3059,華晶科技股份有限公司,TW
3060,銘異科技股份有限公司,TW
3062,建漢科技股份有限公司,TW
3090,日電貿股份有限公司,TW
3092,鴻碩精密電工股份有限公司,TW
3094,聯傑國際股份有限公司,TW
3130,一零四資訊科技股份有限公司,TW
3135,凌航科技股份有限公司,TW
3138,耀登科技股份有限公司,TW
3149,正達國際光電股份有限公司,TW
3150,鈺寶科技股份有限公司,TW
3164,景岳生物科技股份有限公司,TW
3167,大量科技股份有限公司,TW
3168,眾福科技股份有限公司,TW
3189,景碩科技股份有限公司,TW
3209,全科科技股份有限公司,TW
3229,晟鈦股份有限公司,TW
3231,緯創資通股份有限公司,TW
3257,虹冠電子工業股份有限公司,TW
3266,昇陽建設企業股份有限公司,TW
3296,勝德國際研發股份有限公司,TW
3305,昇貿科技股份有限公司,TW
3308,聯德電子股份有限公司,TW
3311,閎暉實業股份有限公司,TW
3312,弘憶國際股份有限公司,TW
3321,同泰電子科技股份有限公司,TW
3338,泰碩電子股份有限公司,TW
3346,麗清科技股份有限公司,TW
3356,奇偶科技股份有限公司,TW
3376,新日興股份有限公司,TW
3380,明泰科技股份有限公司,TW
3406,玉晶光電股份有限公司,TW
3413,京鼎精密科技股份有限公司,TW
3416,融程電訊股份有限公司,TW
3419,譁裕實業股份有限公司,TW
3432,台端興業股份有限公司,TW
3437,榮創能源科技股份有限公司,TW
3443,創意電子股份有限公司,TW
3447,展達通訊股份有限公司,TW
3450,聯鈞光電股份有限公司,TW
3454,晶睿通訊股份有限公司,TW
3481,群創光電股份有限公司,TW
3494,誠研科技股份有限公司,TW
3501,維熹科技股份有限公司,TW
3504,揚明光學股份有限公司,TW
3515,華擎科技股份有限公司,TW
3518,柏騰科技股份有限公司,TW
3528,安馳科技股份有限公司,TW
3530,晶相光電股份有限公司,TW
3532,台塑勝高科技股份有限公司,TW
3533,嘉澤端子工業股份有限公司,TW
3535,晶彩科技股份有限公司,TW
3543,州巧科技股份有限公司,TW
3545,敦泰電子股份有限公司,TW
3550,聯穎科技股份有限公司,TW
3557,嘉威生活股份有限公司,TW
3563,牧德科技股份有限公司,TW
3576,聯合再生能源股份有限公司,TW
3583,辛耘企業股份有限公司,TW
3588,通嘉科技股份有限公司,TW
3591,艾笛森光電股份有限公司,TW
3592,瑞鼎科技股份有限公司,TW
3593,力銘科技股份有限公司,TW
3596,智易科技股份有限公司,TW
3605,宏致電子股份有限公司,TW
3607,谷崧精密工業股份有限公司,TW
3617,碩天科技股份有限公司,TW
3622,洋華光電股份有限公司,TW
3645,達邁科技股份有限公司,TW
3652,精聯電子股份有限公司,TW
3653,健策精密工業股份有限公司,TW
3661,世芯電子股份有限公司,TW
3665,貿聯控股(BizLink Holding Inc.),TW
3669,圓展科技股份有限公司,TW
3673,"TPK Holding Co., Ltd.",TW
3679,新至陞科技股份有限公司,TW
3686,達能科技股份有限公司,TW
3694,海華科技股份有限公司,TW
3701,大眾全球投資控股股份有限公司,TW
3702,大聯大控股股份有限公司,TW
3703,欣陸投資控股股份有限公司,TW
3704,合勤投資控股股份有限公司,TW
3705,永信國際投資控股股份有限公司,TW
3706,神達控股股份有限公司,TW
3708,上緯國際投資控股股份有限公司,TW
3711,日月光投資控股股份有限公司,TW
3712,永崴投資控股股份有限公司,TW
3714,富采控股股份有限公司,TW
3715,定穎投資控股股份有限公司,TW
3716,中化控股股份有限公司,TW
3717,聯嘉光電投資控股股份有限公司,TW
4104,佳醫健康事業股份有限公司,TW
4106,雃博股份有限公司,TW
4108,懷特生技新藥股份有限公司,TW
4119,旭富製藥科技股份有限公司,TW
4133,亞諾法生技股份有限公司,TW
4137,麗豐股份有限公司,TW
4142,國光生物科技股份有限公司,TW
4148,全宇生技控股有限公司,TW
4155,訊映光電股份有限公司,TW
4164,承業生醫投資控股股份有限公司,TW
4190,佐登妮絲集團股份有限公司,TW
4306,炎洲股份有限公司,TW
4414,如興股份有限公司,TW
4426,利勤實業股份有限公司,TW
4438,廣越企業股份有限公司,TW
4439,冠星集團控股有限公司,TW
4440,宜新實業股份有限公司,TW
4441,振大環球股份有限公司,TW
4526,東台精機股份有限公司,TW
4532,瑞智精密股份有限公司,TW
4536,拓凱實業股份有限公司,TW
4540,全球傳動科技股份有限公司,TW
4545,銘鈺精密工業股份有限公司,TW
4551,智伸科技股份有限公司,TW
4552,力達控股有限公司,TW
4555,台灣氣立股份有限公司,TW
4557,永新控股股份有限公司,TW
4560,強信機械科技股份有限公司,TW
4562,穎漢科技股份有限公司,TW
4564,元翎精密工業股份有限公司,TW
4566,時碩工業股份有限公司,TW
4569,六方科技股份有限公司,TW
4571,鈞興機電國際股份有限公司,TW
4572,駐龍精密機械股份有限公司,TW
4576,大銀微系統股份有限公司,TW
4581,World Known MFG(Cayman)Limited,TW
4583,台灣精銳科技股份有限公司,TW
4585,達明機器人股份有限公司,TW
4588,玖鼎電力資訊股份有限公司,TW
4590,富田電機股份有限公司,TW
4720,德淵企業股份有限公司,TW
4722,國精化學股份有限公司,TW
4736,泰博科技股份有限公司,TW
4737,華廣生技股份有限公司,TW
4739,康普材料科技股份有限公司,TW
4746,台耀化學股份有限公司,TW
4755,三福化工股份有限公司,TW
4763,濟南大自然新材料股份有限公司,TW
4764,雙鍵化工股份有限公司,TW
4766,南寶樹脂化學工廠股份有限公司,TW
4770,上品綜合工業股份有限公司,TW
4771,望隼科技股份有限公司,TW
4807,日成控股股份有限公司,TW
4904,遠傳電信股份有限公司,TW
4906,正文科技股份有限公司,TW
4912,聯德控股股份有限公司,TW
4915,致伸科技股份有限公司,TW
4916,事欣科技股份有限公司,TW
4919,新唐科技股份有限公司,TW
4927,泰鼎國際股份有限公司,TW
4930,燦星網通股份有限公司,TW
4934,太極能源科技股份有限公司,TW
4935,茂林光電科技(開曼)股份有限公司,TW
4938,和碩聯合科技股份有限公司,TW
4942,嘉彰股份有限公司,TW
4943,開曼康而富控股股份有限公司,TW
4949,有成精密股份有限公司,TW
4952,凌通科技股份有限公司,TW
4956,光鋐科技股份有限公司,TW
4958,臻鼎科技控股股份有限公司,TW
4960,誠美材料科技股份有限公司,TW
4961,天鈺科技股份有限公司,TW
4967,十銓科技股份有限公司,TW
4968,立積電子股份有限公司,TW
4976,佳凌科技股份有限公司,TW
4977,眾達科技股份有限公司,TW
4989,李長榮科技股份有限公司,TW
4994,傳奇網路遊戲股份有限公司,TW
4999,鑫禾科技股份有限公司,TW
5007,三星科技股份有限公司,TW
5203,訊連科技股份有限公司,TW
5215,科嘉(開曼)股份有限公司,TW
5222,全訊科技股份有限公司,TW
5225,東科控股股份有限公司,TW
5234,達興材料股份有限公司,TW
5243,乙盛精密工業股份有限公司,TW
5244,弘凱光電股份有限公司,TW
5258,虹堡科技股份有限公司,TW
5269,祥碩科技股份有限公司,TW
5283,禾聯碩股份有限公司,TW
5284,經寶精密控股股份有限公司,TW
5285,界霖科技股份有限公司,TW
5288,開曼商豐祥控股股份有限公司,TW
5292,華懋科技股份有限公司,TW
5306,桂盟國際股份有限公司,TW
5388,中磊電子股份有限公司,TW
5434,崇越科技股份有限公司,TW
5469,瀚宇博德股份有限公司,TW
5471,松翰科技股份有限公司,TW
5484,慧友電子股份有限公司,TW
5515,建國工程股份有限公司,TW
5519,隆大營建事業股份有限公司,TW
5521,工信工程股份有限公司,TW
5522,遠雄建設事業股份有限公司,TW
5525,順天建設股份有限公司,TW
5531,鄉林建設事業股份有限公司,TW
5533,皇鼎建設開發股份有限公司,TW
5534,長虹建設股份有限公司,TW
5538,開曼東明控股股份有限公司,TW
5546,永固集團股份有限公司,TW
5607,遠雄自貿港投資控股股份有限公司,TW
5608,四維航業股份有限公司,TW
5706,鳳凰國際旅行社股份有限公司,TW
5871,中租控股股份有限公司,TW
5876,上海商業儲蓄銀行股份有限公司,TW
5880,合作金庫金融控股股份有限公司,TW
5906,台南生活(開曼)股份有限公司,TW
5907,Grand Ocean RetailGroupLimited,TW
6005,群益金鼎證券股份有限公司,TW
6024,群益期貨股份有限公司,TW
6108,競國實業股份有限公司,TW
6112,邁達特數位股份有限公司,TW
6115,鎰勝工業股份有限公司,TW
6116,瀚宇彩晶股份有限公司,TW
6117,迎廣科技股份有限公司,TW
6120,達運精密工業股份有限公司,TW
6128,上福全球科技股份有限公司,TW
6133,金橋科技股份有限公司,TW
6136,富爾特科技股份有限公司,TW
6139,亞翔工程股份有限公司,TW
6141,柏承科技股份有限公司,TW
6142,友勁科技股份有限公司,TW
6152,百一電子股份有限公司,TW
6153,嘉聯益科技股份有限公司,TW
6155,鈞寶電子工業股份有限公司,TW
6164,華興電子工業股份有限公司,TW
6165,浪凡網路科技股份有限公司,TW
6166,凌華科技股份有限公司,TW
6168,宏齊科技股份有限公司,TW
6176,瑞儀光電股份有限公司,TW
6177,達麗建設事業股份有限公司,TW
6183,關貿網路股份有限公司,TW
6184,大豐有線電視股份有限公司,TW
6189,豐藝電子股份有限公司,TW
6191,精成科技股份有限公司,TW
6192,巨路國際股份有限公司,TW
6196,帆宣系統科技股份有限公司,TW
6197,佳必琪國際股份有限公司,TW
6201,亞弘電科技股份有限公司,TW
6202,盛群半導體股份有限公司,TW
6205,詮欣股份有限公司,TW
6206,飛捷科技股份有限公司,TW
6209,今國光學工業股份有限公司,TW
6213,聯茂電子股份有限公司,TW
6214,精誠資訊股份有限公司,TW
6215,和椿科技股份有限公司,TW
6216,居易科技股份有限公司,TW
6224,聚鼎科技股份有限公司,TW
6225,天瀚科技股份有限公司,TW
6226,光鼎電子股份有限公司,TW
6230,尼得科超眾科技股份有限公司,TW
6235,華孚科技股份有限公司,TW
6239,力成科技股份有限公司,TW
6243,迅杰科技股份有限公司,TW
6257,矽格股份有限公司,TW
6269,台郡科技股份有限公司,TW
6271,同欣電子工業股份有限公司,TW
6272,驊陞科技股份有限公司,TW
6277,宏正自動科技股份有限公司,TW
6278,台灣表面黏著科技股份有限公司,TW
6281,全國電子股份有限公司,TW
6282,康舒科技股份有限公司,TW
6283,淳安電子股份有限公司,TW
6285,啟碁科技股份有限公司,TW
6405,悅城科技股份有限公司,TW
6409,旭隼科技股份有限公司,TW
6412,群光電能科技股份有限公司,TW
6414,樺漢科技股份有限公司,TW
6415,矽力杰股份有限公司,TW
6416,瑞祺電通股份有限公司,TW
6426,統新光訊股份有限公司,TW
6431,光麗生技控股股份有限公司,TW
6438,迅得機械股份有限公司,TW
6442,光紅建聖股份有限公司,TW
6443,元晶太陽能科技股份有限公司,TW
6446,藥華醫藥股份有限公司,TW
6449,鈺邦科技股份有限公司,TW
6451,訊芯科技控股股份有限公司,TW
6456,GIS Holding Limited,TW
6464,台灣數位光訊科技股份有限公司,TW
6472,保瑞藥業股份有限公司,TW
6477,安集科技股份有限公司,TW
6491,晶碩光學股份有限公司,TW
6504,南六企業股份有限公司,TW
6505,台塑石化股份有限公司,TW
6515,穎崴科技股份有限公司,TW
6525,捷敏股份有限公司,TW
6526,達發科技股份有限公司,TW
6531,愛普科技股份有限公司,TW
6533,晶心科技股份有限公司,TW
6534,正瀚生技股份有限公司,TW
6541,泰福生技股份有限公司,TW
6550,北極星藥業集團股份有限公司,TW
6552,易華電子股份有限公司,TW
6558,興能高科技股份有限公司,TW
6573,虹揚發展科技股份有限公司,TW
6579,研揚科技股份有限公司,TW
6581,台灣鋼聯股份有限公司,TW
6582,申豐特用應材股份有限公司,TW
6585,鼎基先進材料股份有限公司,TW
6589,台康生技股份有限公司,TW
6591,動力科技股份有限公司,TW
6592,和潤企業股份有限公司,TW
6598,Applied BioCode Corporation,TW
6605,帝寶工業股份有限公司,TW
6606,建德工業股份有限公司,TW
6614,資拓宏宇國際股份有限公司,TW
6625,必應創造股份有限公司,TW
6641,基士德科技股份有限公司,TW
6645,金萬林企業股份有限公司,TW
6655,科定企業股份有限公司,TW
6657,華安醫學股份有限公司,TW
6658,聯策科技股份有限公司,TW
6666,羅麗芬控股股份有限公司,TW
6668,中揚光電股份有限公司,TW
6669,緯穎科技服務股份有限公司,TW
6670,復盛應用科技股份有限公司,TW
6671,三能集團控股股份有限公司,TW
6672,騰輝電子國際集團股份有限公司,TW
6674,鋐寶科技股份有限公司,TW
6689,伊雲谷數位科技股份有限公司,TW
6691,洋基工程股份有限公司,TW
6695,芯鼎科技股份有限公司,TW
6698,旭暉應用材料股份有限公司,TW
6706,惠特科技股份有限公司,TW
6715,嘉基科技股份有限公司,TW
6719,力智電子股份有限公司,TW
6722,輝創電子股份有限公司,TW
6742,澤米科技股份有限公司,TW
6743,安普新股份有限公司,TW
6753,龍德造船工業股份有限公司,TW
6754,匯僑室內裝修設計股份有限公司,TW
6756,威鋒電子股份有限公司,TW
6757,台灣虎航股份有限公司,TW
6768,志強國際企業股份有限公司,TW
6770,力晶積成電子製造股份有限公司,TW
6771,平和環保科技股份有限公司,TW
6776,展碁國際股份有限公司,TW
6781,"AES Holding Co., Ltd.",TW
6782,視陽光學股份有限公司,TW
6789,采鈺科技股份有限公司,TW
6790,永豐餘消費品實業股份有限公司,TW
6792,詠業科技股份有限公司,TW
6794,向榮生醫科技股份有限公司,TW
6796,晉弘科技股份有限公司,TW
6799,來頡科技股份有限公司,TW
6805,富世達股份有限公司,TW
6806,森崴能源股份有限公司,TW
6807,峰源集團股份有限公司,TW
6830,汎銓科技股份有限公司,TW
6831,邁&#33834;科技股份有限公司,TW
6834,天二科技股份有限公司,TW
6835,圓裕企業股份有限公司,TW
6838,台新藥股份有限公司,TW
6854,PlayNitride Inc.,TW
6861,睿生光電股份有限公司,TW
6862,三集瑞科技國際集團股份有限公司,TW
6863,Arizon RFID Technology,TW
6869,雲豹能源科技股份有限公司,TW
6873,泓德能源科技股份有限公司,TW
6885,全福生物科技股份有限公司,TW
6887,寶綠特資源再生工程股份有限公司,TW
6890,來億興業股份有限公司,TW
6901,鑽石生技投資股份有限公司,TW
6902,走著瞧股份有限公司,TW
6906,現觀科技股份有限公司,TW
6909,創控科技股份有限公司,TW
6914,阜爾運通股份有限公司,TW
6916,華凌光電股份有限公司,TW
6918,愛派司生技股份有限公司,TW
6919,康霈生技股份有限公司,TW
6921,嘉雨思科技股份有限公司,TW
6923,中台資源科技股份有限公司,TW
6924,榮惠集團(開曼)股份有限公司,TW
6928,攸泰科技股份有限公司,TW
6931,青松健康股份有限公司,TW
6933,艾瑪斯科技控股股份有限公司,TW
6934,心誠鎂行動醫電股份有限公司,TW
6936,永鴻國際生技股份有限公司,TW
6937,天虹科技股份有限公司,TW
6944,兆聯實業股份有限公司,TW
6949,沛爾生技醫藥股份有限公司,TW
6951,青新環境工程股份有限公司,TW
6952,大武山牧場科技股份有限公司,TW
6955,邦睿生技股份有限公司,TW
6957,裕慶金屬股份有限公司,TW
6958,日盛台駿國際租賃股份有限公司,TW
6962,ITH Corporation,TW
6965,中傑投資控股股份有限公司,TW
6969,成信實業股份有限公司,TW
6988,威力暘電子股份有限公司,TW
6994,富威電力股份有限公司,TW
7610,聯友金屬科技股份有限公司,TW
7631,聚賢研發股份有限公司,TW
7705,三商餐飲股份有限公司,TW
7711,永擎電子股份有限公司,TW
7721,微程式資訊股份有限公司,TW
7722,連加網路商業股份有限公司,TW
7730,暉盛科技股份有限公司,TW
7732,金興精密工業股份有限公司,TW
7736,虎山實業股份有限公司,TW
7740,熙特爾新能源股份有限公司,TW
7749,意騰科技股份有限公司,TW
7750,新代科技股份有限公司,TW
7765,中華資安國際股份有限公司,TW
7769,鴻勁精密股份有限公司,TW
7780,大研生醫國際股份有限公司,TW
7786,東方風能科技股份有限公司,TW
7788,松川精密股份有限公司,TW
7791,皇家可口股份有限公司,TW
7795,長廣精機股份有限公司,TW
7799,禾榮科技股份有限公司,TW
7823,奧義賽博科技股份有限公司,TW
8011,台通光電股份有限公司,TW
8016,矽創電子股份有限公司,TW
8021,尖點科技股份有限公司,TW
8028,昇陽國際半導體股份有限公司,TW
8033,雷虎科技股份有限公司,TW
8039,台虹科技股份有限公司,TW
8045,達運光電股份有限公司,TW
8046,南亞電路板股份有限公司,TW
8070,長華電材股份有限公司,TW
8072,陞泰科技股份有限公司,TW
8081,致新科技股份有限公司,TW
8101,華冠通訊股份有限公司,TW
8103,瀚荃股份有限公司,TW
8104,錸寶科技股份有限公司,TW
8105,凌巨科技股份有限公司,TW
8110,華東科技股份有限公司,TW
8112,至上電子股份有限公司,TW
8114,振樺電子股份有限公司,TW
8131,福懋科技股份有限公司,TW
8150,南茂科技股份有限公司,TW
8162,微矽電子股份有限公司,TW
8163,達方電子股份有限公司,TW
8201,無敵科技股份有限公司,TW
8210,勤誠興業股份有限公司,TW
8213,志超科技股份有限公司,TW
8215,明基材料股份有限公司,TW
8222,寶一科技股份有限公司,TW
8249,菱光科技股份有限公司,TW
8261,富鼎先進電子股份有限公司,TW
8271,宇瞻科技股份有限公司,TW
8341,日友環保科技股份有限公司,TW
8367,建新國際股份有限公司,TW
8374,羅昇企業股份有限公司,TW
8404,百和興業股份有限公司(開曼),TW
8411,福貞控股股份有限公司,TW
8422,可寧衛股份有限公司,TW
8429,金麗集團控股有限公司,TW
8438,昶昕實業股份有限公司,TW
8442,威宏控股股份有限公司,TW
8443,阿瘦實業股份有限公司,TW
8454,富邦媒體科技股份有限公司,TW
8462,柏文健康事業股份有限公司,TW
8463,潤泰精密材料股份有限公司,TW
8464,億豐綜合工業股份有限公司,TW
8466,美吉吉國際股份有限公司,TW
8467,波力環球企業股份有限公司,TW
8473,山林水環境工程股份有限公司,TW
8476,台境企業股份有限公司,TW
8478,東哥企業股份有限公司,TW
8481,政伸企業股份有限公司,TW
8482,商億全球控股有限公司,TW
8487,愛爾達科技股份有限公司,TW
8488,吉源控股股份有限公司,TW
8499,鼎炫投資控股股份有限公司,TW
8926,台灣汽電共生股份有限公司,TW
8940,新天地國際實業股份有限公司,TW
8996,高力熱處理工業股份有限公司,TW
9103,美德向邦醫療國際股份有限公司,TW
910322,康師傅控股有限公司,TW
9105,泰金寶科技股份有限公司,TW
910861,神州數碼控股有限公司,TW
9110,越南製造加工出口控股有限公司,TW
911608,明輝環球企業有限公司,TW
911622,聚亨企業集團(泰國)大眾有限公司,TW
911868,同方友友控股有限公司,TW
912000,晨訊科技集團有限公司,TW
9136,巨騰國際控股有限公司,TW
9802,鈺齊國際股份有限公司,TW
9902,台火開發股份有限公司,TW
9904,寶成工業股份有限公司,TW
9905,大華金屬工業股份有限公司,TW
9906,欣巴巴事業股份有限公司,TW
9907,統一實業股份有限公司,TW
9908,大台北區瓦斯股份有限公司,TW
9910,豐泰企業股份有限公司,TW
9911,台灣櫻花股份有限公司,TW
9912,偉聯科技股份有限公司,TW
9914,美利達工業股份有限公司,TW
9917,中興保全科技股份有限公司,TW
9918,欣欣天然氣股份有限公司,TW
9919,康那香企業股份有限公司,TW
9921,巨大機械工業股份有限公司,TW
9924,台灣福興工業股份有限公司,TW
9925,台灣新光保全股份有限公司,TW
9926,新海瓦斯股份有限公司,TW
9927,泰銘實業股份有限公司,TW
9928,中國電視事業股份有限公司,TW
9929,秋雨創新股份有限公司,TW
9930,中聯資源股份有限公司,TW
9931,欣高石油氣股份有限公司,TW
9933,中鼎工程股份有限公司,TW
9934,成霖企業股份有限公司,TW
9935,慶豐富實業股份有限公司,TW
9937,全國加油站股份有限公司,TW
9938,台灣百和工業股份有限公司,TW
9939,宏全國際股份有限公司,TW
9940,信義房屋股份有限公司,TW
9941,裕融企業股份有限公司,TW
9942,茂順密封元件科技股份有限公司,TW
9943,好樂迪股份有限公司,TW
9944,新麗企業股份有限公司,TW
9945,潤泰創新國際股份有限公司,TW
9946,三發地產股份有限公司,TW
9955,佳龍科技工程股份有限公司,TW
9958,世紀鋼鐵結構股份有限公司,TW
